"","x"
"1",180000
"2",291850
"3",662500
"4",189000
"5",285000
"6",252700
"7",580500
"8",685000
"9",292500
"10",650000
"11",325000
"12",571000
"13",390000
"14",940000
"15",461000
"16",215000
"17",243500
"18",1099880
"19",153000
"20",430000
"21",375000
"22",597750
"23",518500
"24",205425
"25",391500
"26",395000
"27",770000
"28",660500
"29",784000
"30",199000
"31",921500
"32",282950
"33",255000
"34",589000
"35",835000
"36",560000
"37",585188
"38",230000
"39",256883
"40",465000
"41",440000
"42",464000
"43",320000
"44",625504
"45",280000
"46",445838
"47",467000
"48",328000
"49",264950
"50",315000
"51",416000
"52",349500
"53",592500
"54",385000
"55",237000
"56",290000
"57",415000
"58",210000
"59",365000
"60",450000
"61",389999
"62",879000
"63",265000
"64",267500
"65",1400000
"66",390000
"67",520000
"68",240000
"69",880000
"70",940000
"71",559900
"72",485000
"73",552250
"74",165000
"75",320000
"76",299000
"77",420000
"78",679900
"79",785000
"80",389000
"81",560000
"82",799000
"83",490000
"84",330000
"85",1118000
"86",530000
"87",269900
"88",650000
"89",450000
"90",278500
"91",339000
"92",538000
"93",245000
"94",397000
"95",988000
"96",722500
"97",227950
"98",1450000
"99",496500
"100",359500
"101",330000
"102",325000
"103",340500
"104",1150000
"105",378500
"106",699900
"107",370000
"108",490000
"109",725000
"110",437500
"111",615000
"112",585000
"113",1095000
"114",288000
"115",275000
"116",727500
"117",270500
"118",2e+05
"119",910000
"120",782000
"121",750000
"122",650000
"123",619000
"124",640000
"125",505000
"126",290000
"127",360000
"128",240500
"129",515000
"130",175000
"131",480000
"132",542000
"133",415000
"134",314500
"135",1120000
"136",305000
"137",597500
"138",3070000
"139",888000
"140",280000
"141",1145000
"142",799000
"143",609900
"144",480000
"145",243000
"146",405500
"147",289950
"148",1578000
"149",1300000
"150",395000
"151",942500
"152",1310000
"153",856600
"154",405600
"155",493000
"156",4e+05
"157",650000
"158",675000
"159",1355000
"160",422120
"161",5e+05
"162",310000
"163",246500
"164",226000
"165",282000
"166",320000
"167",428750
"168",664000
"169",254000
"170",535800
"171",450000
"172",280000
"173",467000
"174",457500
"175",1270000
"176",8e+05
"177",2e+05
"178",530000
"179",234000
"180",205000
"181",384000
"182",570000
"183",250000
"184",299900
"185",891000
"186",1200000
"187",253000
"188",650000
"189",385000
"190",425000
"191",582800
"192",532500
"193",524250
"194",535000
"195",640000
"196",585000
"197",540000
"198",280300
"199",283000
"200",321500
"201",840000
"202",446450
"203",566000
"204",512031
"205",197500
"206",465000
"207",935000
"208",528000
"209",425000
"210",249500
"211",360000
"212",356700
"213",837700
"214",448000
"215",151000
"216",631000
"217",285000
"218",195000
"219",350900
"220",552500
"221",224500
"222",239000
"223",170000
"224",369000
"225",605000
"226",225500
"227",725000
"228",492000
"229",298900
"230",350000
"231",790000
"232",305000
"233",5110800
"234",749950
"235",535000
"236",545000
"237",334950
"238",361000
"239",525000
"240",949000
"241",245000
"242",455000
"243",475000
"244",330000
"245",365000
"246",680000
"247",350000
"248",270000
"249",438000
"250",659000
"251",685100
"252",880000
"253",399000
"254",609000
"255",390000
"256",467000
"257",484000
"258",302495
"259",403000
"260",371025
"261",364808
"262",350000
"263",360000
"264",847000
"265",255000
"266",530000
"267",267500
"268",625000
"269",647500
"270",450000
"271",461000
"272",1075000
"273",690000
"274",549000
"275",2200000
"276",260000
"277",330000
"278",320000
"279",520000
"280",325000
"281",519900
"282",292000
"283",253000
"284",585444
"285",530000
"286",350000
"287",1700000
"288",389000
"289",715000
"290",290000
"291",566000
"292",290000
"293",5350000
"294",235867
"295",382000
"296",1328000
"297",532000
"298",495000
"299",390000
"300",432900
"301",621138
"302",270000
"303",713000
"304",1300000
"305",375000
"306",450000
"307",299000
"308",720000
"309",602500
"310",140000
"311",440000
"312",605000
"313",380000
"314",3e+05
"315",1150000
"316",475000
"317",372500
"318",750000
"319",169317
"320",1198000
"321",210000
"322",540000
"323",238000
"324",231500
"325",396000
"326",635000
"327",339000
"328",224000
"329",165050
"330",275000
"331",510000
"332",460000
"333",874150
"334",576000
"335",340000
"336",561000
"337",270000
"338",453000
"339",264000
"340",2e+05
"341",1928000
"342",541100
"343",397000
"344",531000
"345",597326
"346",390000
"347",299000
"348",4e+05
"349",210000
"350",327500
"351",443000
"352",341000
"353",686000
"354",780000
"355",580000
"356",615000
"357",930000
"358",275000
"359",453250
"360",243000
"361",720000
"362",824500
"363",520000
"364",175000
"365",315000
"366",339000
"367",685000
"368",207000
"369",411800
"370",616300
"371",425000
"372",820000
"373",349000
"374",1125000
"375",320000
"376",3e+05
"377",485000
"378",1045000
"379",590000
"380",4e+05
"381",460000
"382",255000
"383",598800
"384",608250
"385",550000
"386",275000
"387",215000
"388",390000
"389",420850
"390",725000
"391",490000
"392",2e+05
"393",562500
"394",299000
"395",399950
"396",722500
"397",830000
"398",276900
"399",329350
"400",369950
"401",2532000
"402",440000
"403",399950
"404",545000
"405",884250
"406",1200000
"407",875000
"408",1250000
"409",419000
"410",750000
"411",383000
"412",279000
"413",583500
"414",310000
"415",280000
"416",594000
"417",1325000
"418",325000
"419",235000
"420",463000
"421",655000
"422",185000
"423",4e+05
"424",353000
"425",585000
"426",440000
"427",265000
"428",765000
"429",488000
"430",399000
"431",1680000
"432",783000
"433",1050000
"434",327000
"435",453000
"436",665000
"437",210000
"438",265000
"439",426000
"440",529219
"441",315000
"442",7e+05
"443",372400
"444",390000
"445",208000
"446",403500
"447",235000
"448",660000
"449",275000
"450",585000
"451",302000
"452",898000
"453",583000
"454",283000
"455",250000
"456",315000
"457",430000
"458",625000
"459",172500
"460",234000
"461",254000
"462",443725
"463",550000
"464",282000
"465",4e+05
"466",260000
"467",9e+05
"468",280000
"469",242000
"470",810000
"471",280000
"472",335000
"473",737500
"474",349950
"475",3278000
"476",2e+05
"477",409900
"478",1220000
"479",739900
"480",353000
"481",5e+05
"482",549000
"483",1215000
"484",405000
"485",432500
"486",1012000
"487",640000
"488",3e+05
"489",7e+05
"490",753888
"491",650000
"492",342000
"493",608000
"494",1245000
"495",549000
"496",419950
"497",210000
"498",715000
"499",785000
"500",612000
"501",499000
"502",455000
"503",690000
"504",320000
"505",343000
"506",561000
"507",540000
"508",230000
"509",7e+05
"510",465000
"511",705000
"512",536000
"513",9e+05
"514",225000
"515",161500
"516",271900
"517",385195
"518",461000
"519",542500
"520",705000
"521",615000
"522",485000
"523",305000
"524",1000750
"525",354450
"526",438000
"527",749999
"528",570000
"529",7e+05
"530",613000
"531",388000
"532",810000
"533",405000
"534",265000
"535",370000
"536",420000
"537",549950
"538",604000
"539",325900
"540",275000
"541",1505000
"542",828000
"543",415000
"544",525000
"545",157500
"546",6e+05
"547",425000
"548",256000
"549",590000
"550",282000
"551",724950
"552",341000
"553",1835000
"554",450000
"555",293000
"556",335000
"557",7e+05
"558",450000
"559",425000
"560",311000
"561",579950
"562",372000
"563",772000
"564",353000
"565",5e+05
"566",209000
"567",315000
"568",254600
"569",230000
"570",550000
"571",225000
"572",296000
"573",9e+05
"574",310000
"575",220000
"576",2950000
"577",427000
"578",685000
"579",299950
"580",313500
"581",570000
"582",335000
"583",307450
"584",540000
"585",202000
"586",453000
"587",367000
"588",565000
"589",235000
"590",770000
"591",985000
"592",427500
"593",203000
"594",228000
"595",280000
"596",325000
"597",329500
"598",210000
"599",285000
"600",759000
"601",485000
"602",580000
"603",181100
"604",426000
"605",288400
"606",1899000
"607",452250
"608",590000
"609",410000
"610",395000
"611",635000
"612",1400000
"613",2e+05
"614",805000
"615",442000
"616",637250
"617",632500
"618",234000
"619",290000
"620",270000
"621",299000
"622",350000
"623",475000
"624",374950
"625",325000
"626",530000
"627",1e+06
"628",1208000
"629",1900000
"630",425000
"631",732000
"632",625000
"633",1965000
"634",257200
"635",289000
"636",410000
"637",590000
"638",445000
"639",921000
"640",496000
"641",452500
"642",250000
"643",340000
"644",865000
"645",641250
"646",1100000
"647",406000
"648",242500
"649",425000
"650",189000
"651",705000
"652",783350
"653",975000
"654",350000
"655",122000
"656",369900
"657",309950
"658",515000
"659",756000
"660",1570000
"661",442000
"662",330000
"663",189000
"664",4e+05
"665",375000
"666",250000
"667",475500
"668",420000
"669",732350
"670",1280600
"671",699000
"672",1e+05
"673",419600
"674",1290000
"675",207500
"676",749700
"677",355000
"678",380000
"679",598500
"680",226950
"681",415000
"682",209950
"683",207000
"684",150000
"685",980000
"686",535000
"687",749950
"688",299950
"689",802000
"690",350000
"691",865000
"692",445000
"693",175000
"694",335000
"695",3e+05
"696",529000
"697",417000
"698",299000
"699",494400
"700",770000
"701",307000
"702",521000
"703",221000
"704",1598890
"705",310000
"706",248000
"707",328000
"708",464000
"709",280000
"710",458950
"711",436500
"712",512500
"713",406500
"714",206000
"715",2e+05
"716",593700
"717",554663
"718",695000
"719",350000
"720",681000
"721",590000
"722",213500
"723",641000
"724",132500
"725",659000
"726",317000
"727",350000
"728",632500
"729",385000
"730",367500
"731",286000
"732",250000
"733",579000
"734",277284
"735",320000
"736",1905000
"737",84000
"738",1650000
"739",759000
"740",286950
"741",440000
"742",160000
"743",586000
"744",680000
"745",637000
"746",240000
"747",880000
"748",750000
"749",2890000
"750",445000
"751",294950
"752",736000
"753",414250
"754",319990
"755",524000
"756",348000
"757",173000
"758",585000
"759",210000
"760",347500
"761",620000
"762",490000
"763",325000
"764",408000
"765",410000
"766",265000
"767",589950
"768",440000
"769",418000
"770",385000
"771",420000
"772",210000
"773",575000
"774",880000
"775",442500
"776",425000
"777",998000
"778",210000
"779",265000
"780",1145000
"781",460000
"782",6e+05
"783",680000
"784",375000
"785",279000
"786",750000
"787",735000
"788",155000
"789",1495000
"790",790000
"791",499900
"792",810000
"793",318700
"794",720000
"795",247500
"796",1385000
"797",430000
"798",777000
"799",412450
"800",227064
"801",703011
"802",465000
"803",526000
"804",383000
"805",324888
"806",761000
"807",875000
"808",499500
"809",462500
"810",458000
"811",280000
"812",417000
"813",462600
"814",340000
"815",661000
"816",360000
"817",7e+05
"818",1210000
"819",260000
"820",526000
"821",330600
"822",825000
"823",579100
"824",489000
"825",240000
"826",810000
"827",790000
"828",335000
"829",1600000
"830",1045000
"831",360000
"832",470000
"833",581000
"834",606000
"835",150000
"836",360000
"837",305000
"838",562000
"839",780000
"840",445000
"841",384400
"842",514000
"843",750000
"844",1011000
"845",170000
"846",585000
"847",199500
"848",394900
"849",858000
"850",1275000
"851",242150
"852",370000
"853",450000
"854",534950
"855",430000
"856",183000
"857",899100
"858",325000
"859",430000
"860",432500
"861",410000
"862",480000
"863",242000
"864",348500
"865",366000
"866",926300
"867",639000
"868",453000
"869",490000
"870",350000
"871",1050000
"872",717550
"873",450000
"874",501000
"875",399000
"876",240000
"877",353000
"878",475000
"879",1150000
"880",864000
"881",475000
"882",1100000
"883",1250000
"884",360000
"885",477590
"886",490000
"887",5e+05
"888",925000
"889",639000
"890",670000
"891",910000
"892",360000
"893",474000
"894",716000
"895",673200
"896",327000
"897",518000
"898",260000
"899",7e+05
"900",603000
"901",221000
"902",9e+05
"903",245000
"904",290000
"905",1e+05
"906",527200
"907",319000
"908",690000
"909",640000
"910",238000
"911",456000
"912",268000
"913",539000
"914",9e+05
"915",534500
"916",495000
"917",535000
"918",435000
"919",760000
"920",370000
"921",1130000
"922",403000
"923",810000
"924",360000
"925",208000
"926",652500
"927",397500
"928",390000
"929",405000
"930",324000
"931",758000
"932",949880
"933",173250
"934",558000
"935",1195000
"936",670000
"937",775000
"938",572500
"939",8e+05
"940",440000
"941",630000
"942",424000
"943",760000
"944",545000
"945",425000
"946",233500
"947",353000
"948",260000
"949",280000
"950",528000
"951",405000
"952",372977
"953",934550
"954",975000
"955",624000
"956",490000
"957",196900
"958",350000
"959",390000
"960",660000
"961",497000
"962",371000
"963",616000
"964",605000
"965",274000
"966",354800
"967",650000
"968",567000
"969",225000
"970",285000
"971",349000
"972",650500
"973",480000
"974",415000
"975",339950
"976",285000
"977",248000
"978",454000
"979",440000
"980",428000
"981",840000
"982",147500
"983",320000
"984",596000
"985",679950
"986",268000
"987",475000
"988",593450
"989",498800
"990",825000
"991",261000
"992",330000
"993",350000
"994",275000
"995",255000
"996",332900
"997",599000
"998",259950
"999",815000
"1000",278000
"1001",450000
"1002",245000
"1003",625000
"1004",386500
"1005",1575000
"1006",239000
"1007",385000
"1008",815000
"1009",690000
"1010",450000
"1011",567500
"1012",490000
"1013",335000
"1014",650000
"1015",637000
"1016",365000
"1017",419950
"1018",764000
"1019",453000
"1020",320000
"1021",425000
"1022",1060000
"1023",576000
"1024",6e+05
"1025",397500
"1026",460000
"1027",643000
"1028",625000
"1029",859000
"1030",740000
"1031",475000
"1032",420000
"1033",833000
"1034",8e+05
"1035",1309500
"1036",245000
"1037",299000
"1038",3e+05
"1039",755000
"1040",320000
"1041",754300
"1042",650000
"1043",529888
"1044",489000
"1045",169000
"1046",475000
"1047",279950
"1048",195000
"1049",630000
"1050",478000
"1051",190000
"1052",772650
"1053",678500
"1054",572000
"1055",5e+05
"1056",485000
"1057",299000
"1058",227450
"1059",383000
"1060",545500
"1061",610000
"1062",344000
"1063",349000
"1064",220000
"1065",535000
"1066",495000
"1067",620000
"1068",385000
"1069",350000
"1070",368000
"1071",1315000
"1072",1155000
"1073",1070000
"1074",150000
"1075",449950
"1076",530000
"1077",210000
"1078",285000
"1079",723000
"1080",279000
"1081",195000
"1082",350000
"1083",595000
"1084",585000
"1085",767500
"1086",279000
"1087",335000
"1088",518000
"1089",315000
"1090",350000
"1091",610000
"1092",214000
"1093",575000
"1094",411000
"1095",2e+05
"1096",520000
"1097",439950
"1098",530000
"1099",215000
"1100",798000
"1101",665000
"1102",835000
"1103",3e+05
"1104",290000
"1105",1780000
"1106",719000
"1107",785000
"1108",410000
"1109",372500
"1110",258000
"1111",365000
"1112",255000
"1113",482000
"1114",345000
"1115",682000
"1116",895000
"1117",540000
"1118",421000
"1119",458000
"1120",432500
"1121",119500
"1122",530000
"1123",681000
"1124",538000
"1125",465425
"1126",266000
"1127",472000
"1128",530000
"1129",158550
"1130",450000
"1131",1880000
"1132",370000
"1133",487000
"1134",835000
"1135",575000
"1136",750000
"1137",439900
"1138",874000
"1139",235000
"1140",350000
"1141",558000
"1142",450000
"1143",1e+05
"1144",895000
"1145",487000
"1146",1600000
"1147",689000
"1148",529900
"1149",265000
"1150",241400
"1151",309950
"1152",345000
"1153",559000
"1154",770000
"1155",395000
"1156",276500
"1157",472000
"1158",565000
"1159",555000
"1160",289950
"1161",339000
"1162",265000
"1163",404500
"1164",365000
"1165",1100000
"1166",648000
"1167",650000
"1168",335000
"1169",225000
"1170",595000
"1171",415000
"1172",424000
"1173",450000
"1174",420200
"1175",570000
"1176",245000
"1177",572500
"1178",254000
"1179",1525000
"1180",2e+05
"1181",641200
"1182",370000
"1183",89000
"1184",399000
"1185",550000
"1186",449950
"1187",268500
"1188",429000
"1189",230000
"1190",345950
"1191",434975
"1192",1029000
"1193",497000
"1194",925000
"1195",575000
"1196",170000
"1197",750000
"1198",526000
"1199",325000
"1200",377500
"1201",212500
"1202",908950
"1203",225000
"1204",376000
"1205",285000
"1206",490000
"1207",253000
"1208",509007
"1209",205000
"1210",275000
"1211",925000
"1212",152000
"1213",461000
"1214",620000
"1215",252000
"1216",6e+05
"1217",272000
"1218",390000
"1219",635000
"1220",920000
"1221",450000
"1222",282510
"1223",2196000
"1224",675000
"1225",730000
"1226",650000
"1227",248000
"1228",399950
"1229",329950
"1230",6e+05
"1231",330000
"1232",320000
"1233",603000
"1234",589950
"1235",337500
"1236",259000
"1237",639900
"1238",407450
"1239",1058800
"1240",742500
"1241",460000
"1242",197000
"1243",560000
"1244",354000
"1245",670000
"1246",650000
"1247",675000
"1248",346000
"1249",2400000
"1250",594950
"1251",287000
"1252",215000
"1253",3e+05
"1254",280000
"1255",334000
"1256",332500
"1257",411100
"1258",675000
"1259",359000
"1260",670000
"1261",353500
"1262",1202500
"1263",236000
"1264",545000
"1265",248000
"1266",670000
"1267",367500
"1268",665000
"1269",295000
"1270",355000
"1271",415000
"1272",935000
"1273",426500
"1274",4e+05
"1275",755000
"1276",306500
"1277",582500
"1278",435000
"1279",850000
"1280",350000
"1281",324950
"1282",144000
"1283",258000
"1284",455000
"1285",795000
"1286",775000
"1287",725000
"1288",152000
"1289",445000
"1290",517500
"1291",343566
"1292",344950
"1293",810000
"1294",998160
"1295",377000
"1296",595000
"1297",755000
"1298",775000
"1299",1339000
"1300",280000
"1301",280000
"1302",274950
"1303",219950
"1304",250800
"1305",557500
"1306",3650000
"1307",535000
"1308",439000
"1309",234000
"1310",330000
"1311",303000
"1312",432000
"1313",3e+05
"1314",254000
"1315",470000
"1316",536000
"1317",550000
"1318",425000
"1319",460000
"1320",715000
"1321",340000
"1322",601000
"1323",371500
"1324",242550
"1325",4e+05
"1326",313000
"1327",471000
"1328",378000
"1329",4e+05
"1330",384900
"1331",176000
"1332",350000
"1333",358000
"1334",442500
"1335",275000
"1336",463000
"1337",1100000
"1338",815000
"1339",230000
"1340",505000
"1341",509990
"1342",185000
"1343",203000
"1344",286000
"1345",739999
"1346",319000
"1347",380000
"1348",647500
"1349",299950
"1350",430000
"1351",556300
"1352",815000
"1353",415000
"1354",1185000
"1355",780000
"1356",311000
"1357",480000
"1358",2250000
"1359",235000
"1360",8e+05
"1361",472000
"1362",515000
"1363",485000
"1364",215000
"1365",8e+05
"1366",580000
"1367",347000
"1368",243000
"1369",350000
"1370",190000
"1371",286651
"1372",343000
"1373",772500
"1374",406100
"1375",1060000
"1376",425000
"1377",272000
"1378",495000
"1379",410500
"1380",502700
"1381",469000
"1382",596000
"1383",1370000
"1384",540000
"1385",315000
"1386",389800
"1387",475000
"1388",482000
"1389",635000
"1390",210500
"1391",475000
"1392",1580000
"1393",707000
"1394",355000
"1395",1210000
"1396",217000
"1397",2175000
"1398",365000
"1399",225000
"1400",465000
"1401",330000
"1402",795000
"1403",3800000
"1404",717000
"1405",649000
"1406",239999
"1407",780000
"1408",1500000
"1409",499950
"1410",560000
"1411",263000
"1412",587206
"1413",309000
"1414",240000
"1415",1735000
"1416",360000
"1417",305000
"1418",605000
"1419",725000
"1420",394950
"1421",430000
"1422",482500
"1423",305000
"1424",565000
"1425",249000
"1426",5e+05
"1427",225000
"1428",495000
"1429",875000
"1430",467500
"1431",277000
"1432",630000
"1433",304000
"1434",292500
"1435",650000
"1436",456500
"1437",506000
"1438",425000
"1439",438000
"1440",1400000
"1441",230000
"1442",315000
"1443",118125
"1444",212000
"1445",308950
"1446",710000
"1447",175000
"1448",508800
"1449",540000
"1450",415000
"1451",1615000
"1452",1200000
"1453",8e+05
"1454",440000
"1455",1160000
"1456",620000
"1457",305000
"1458",363500
"1459",275000
"1460",280000
"1461",379900
"1462",565000
"1463",5e+05
"1464",304000
"1465",279900
"1466",384000
"1467",749950
"1468",650000
"1469",1070000
"1470",1775000
"1471",292500
"1472",584999
"1473",987500
"1474",695000
"1475",360000
"1476",269000
"1477",564000
"1478",425000
"1479",360000
"1480",294000
"1481",275500
"1482",250000
"1483",935100
"1484",245000
"1485",670000
"1486",1393000
"1487",583000
"1488",1600000
"1489",550000
"1490",665000
"1491",277000
"1492",597000
"1493",245000
"1494",650000
"1495",460000
"1496",1025000
"1497",260656
"1498",296500
"1499",330000
"1500",692500
"1501",365000
"1502",841000
"1503",614905
"1504",549000
"1505",676101
"1506",229950
"1507",579000
"1508",380500
"1509",935000
"1510",255000
"1511",160000
"1512",1050000
"1513",317000
"1514",1485000
"1515",310000
"1516",320000
"1517",578000
"1518",679000
"1519",563000
"1520",3e+05
"1521",1700000
"1522",205000
"1523",460000
"1524",3e+05
"1525",410000
"1526",245000
"1527",482000
"1528",475000
"1529",785000
"1530",560000
"1531",449000
"1532",285000
"1533",377000
"1534",550000
"1535",865000
"1536",380000
"1537",190000
"1538",253000
"1539",492000
"1540",575000
"1541",960000
"1542",435000
"1543",1465000
"1544",299900
"1545",345000
"1546",6e+05
"1547",566000
"1548",394000
"1549",762000
"1550",485000
"1551",189900
"1552",5e+05
"1553",815000
"1554",775000
"1555",458000
"1556",499000
"1557",340000
"1558",324950
"1559",530000
"1560",305000
"1561",375000
"1562",440000
"1563",585000
"1564",430000
"1565",580000
"1566",488000
"1567",280000
"1568",685900
"1569",160000
"1570",685000
"1571",659000
"1572",575000
"1573",299950
"1574",120000
"1575",335000
"1576",570000
"1577",826600
"1578",1150000
"1579",680000
"1580",942000
"1581",354901
"1582",150000
"1583",713500
"1584",425000
"1585",2e+05
"1586",475000
"1587",625000
"1588",3200000
"1589",435000
"1590",635000
"1591",305000
"1592",537000
"1593",659000
"1594",782500
"1595",535000
"1596",520000
"1597",369950
"1598",545000
"1599",441500
"1600",251000
"1601",332000
"1602",293000
"1603",620000
"1604",355500
"1605",687500
"1606",285000
"1607",895000
"1608",160000
"1609",520000
"1610",980000
"1611",1290000
"1612",305000
"1613",249950
"1614",355200
"1615",425000
"1616",335000
"1617",275000
"1618",425000
"1619",480000
"1620",920000
"1621",333000
"1622",440000
"1623",278000
"1624",1195000
"1625",590000
"1626",202200
"1627",550000
"1628",760000
"1629",260000
"1630",417000
"1631",825000
"1632",710000
"1633",537000
"1634",154200
"1635",315000
"1636",640000
"1637",395000
"1638",435000
"1639",299950
"1640",499000
"1641",320600
"1642",544800
"1643",259950
"1644",255000
"1645",344950
"1646",170000
"1647",1511250
"1648",345000
"1649",655100
"1650",630000
"1651",470500
"1652",416000
"1653",165000
"1654",339950
"1655",610000
"1656",170000
"1657",621500
"1658",320000
"1659",754000
"1660",443600
"1661",613000
"1662",480000
"1663",619500
"1664",585000
"1665",220000
"1666",580000
"1667",228950
"1668",370000
"1669",320000
"1670",787888
"1671",602000
"1672",425000
"1673",453000
"1674",359950
"1675",605000
"1676",220000
"1677",620000
"1678",602000
"1679",575000
"1680",623000
"1681",256500
"1682",225000
"1683",474900
"1684",5e+05
"1685",689000
"1686",516000
"1687",1218000
"1688",262000
"1689",5e+05
"1690",756000
"1691",319000
"1692",330000
"1693",532000
"1694",415000
"1695",459000
"1696",354000
"1697",587000
"1698",414500
"1699",262500
"1700",435000
"1701",403000
"1702",330000
"1703",565000
"1704",235000
"1705",460000
"1706",315000
"1707",510000
"1708",699000
"1709",871000
"1710",225800
"1711",248000
"1712",7e+05
"1713",628000
"1714",245000
"1715",1247000
"1716",440000
"1717",224000
"1718",345000
"1719",563000
"1720",799990
"1721",239950
"1722",674000
"1723",285000
"1724",264950
"1725",880000
"1726",360000
"1727",249900
"1728",175000
"1729",4e+05
"1730",360000
"1731",565000
"1732",385000
"1733",215000
"1734",898000
"1735",480000
"1736",1240000
"1737",599000
"1738",752000
"1739",315000
"1740",224000
"1741",595000
"1742",287000
"1743",560000
"1744",437850
"1745",435000
"1746",775000
"1747",459950
"1748",470000
"1749",6e+05
"1750",279000
"1751",360000
"1752",645000
"1753",340000
"1754",265000
"1755",314950
"1756",545000
"1757",380000
"1758",929950
"1759",510000
"1760",355000
"1761",549950
"1762",975000
"1763",396675
"1764",895000
"1765",454280
"1766",390000
"1767",3e+05
"1768",7e+05
"1769",715000
"1770",780000
"1771",417200
"1772",155000
"1773",490000
"1774",1175000
"1775",415000
"1776",655000
"1777",433000
"1778",291000
"1779",835000
"1780",380000
"1781",287000
"1782",210000
"1783",492000
"1784",215000
"1785",580000
"1786",1005000
"1787",357000
"1788",588000
"1789",235000
"1790",298000
"1791",485000
"1792",261490
"1793",291000
"1794",811000
"1795",425000
"1796",562000
"1797",843500
"1798",370000
"1799",279000
"1800",280000
"1801",183000
"1802",920000
"1803",875000
"1804",259950
"1805",370000
"1806",290000
"1807",455000
"1808",305000
"1809",950000
"1810",315000
"1811",410000
"1812",235000
"1813",230950
"1814",245000
"1815",188000
"1816",4e+05
"1817",675000
"1818",848750
"1819",397900
"1820",394999
"1821",482500
"1822",450000
"1823",398000
"1824",1075000
"1825",225000
"1826",450000
"1827",590000
"1828",390000
"1829",1050000
"1830",485000
"1831",565000
"1832",625000
"1833",340000
"1834",250000
"1835",397990
"1836",258000
"1837",222000
"1838",625000
"1839",354950
"1840",427500
"1841",685000
"1842",255000
"1843",565000
"1844",1325000
"1845",413565
"1846",650000
"1847",499950
"1848",568000
"1849",925000
"1850",660000
"1851",1400000
"1852",325000
"1853",305000
"1854",525000
"1855",450000
"1856",580000
"1857",338000
"1858",505000
"1859",1234000
"1860",1265000
"1861",4e+05
"1862",267100
"1863",240000
"1864",279950
"1865",540000
"1866",443500
"1867",310000
"1868",704000
"1869",169100
"1870",480000
"1871",931088
"1872",570000
"1873",650000
"1874",485000
"1875",530000
"1876",657000
"1877",485000
"1878",432500
"1879",490000
"1880",826000
"1881",1080000
"1882",775000
"1883",309000
"1884",290000
"1885",551000
"1886",605000
"1887",268500
"1888",335000
"1889",295000
"1890",325000
"1891",370000
"1892",715000
"1893",550000
"1894",615000
"1895",215000
"1896",625000
"1897",533000
"1898",550388
"1899",415500
"1900",913000
"1901",820000
"1902",371000
"1903",229950
"1904",475000
"1905",197200
"1906",305000
"1907",270000
"1908",1249000
"1909",385000
"1910",255000
"1911",593000
"1912",390000
"1913",213400
"1914",310000
"1915",423500
"1916",850000
"1917",349170
"1918",808000
"1919",435000
"1920",525000
"1921",265000
"1922",812500
"1923",480000
"1924",1350000
"1925",550000
"1926",675000
"1927",305000
"1928",395000
"1929",215000
"1930",1160000
"1931",435000
"1932",516200
"1933",540000
"1934",725000
"1935",249000
"1936",165000
"1937",275000
"1938",220000
"1939",236000
"1940",273000
"1941",608000
"1942",541500
"1943",730000
"1944",473000
"1945",358000
"1946",765000
"1947",608095
"1948",435000
"1949",1482500
"1950",496000
"1951",1175000
"1952",643403
"1953",905000
"1954",460500
"1955",1695000
"1956",357000
"1957",1220000
"1958",440000
"1959",669000
"1960",270000
"1961",1648000
"1962",3e+05
"1963",1080000
"1964",329000
"1965",299950
"1966",366000
"1967",831000
"1968",689900
"1969",315000
"1970",1100000
"1971",455000
"1972",265000
"1973",550000
"1974",875000
"1975",337000
"1976",240000
"1977",490000
"1978",510000
"1979",854000
"1980",1175000
"1981",230000
"1982",372000
"1983",830000
"1984",629000
"1985",1100000
"1986",720000
"1987",505000
"1988",679000
"1989",858450
"1990",250000
"1991",192500
"1992",350000
"1993",775000
"1994",540000
"1995",1275000
"1996",308950
"1997",616500
"1998",319900
"1999",359999
"2000",342000
"2001",835000
"2002",330000
"2003",262000
"2004",533000
"2005",458400
"2006",465000
"2007",462500
"2008",326000
"2009",435000
"2010",689000
"2011",375000
"2012",252000
"2013",375000
"2014",652500
"2015",574000
"2016",430000
"2017",682000
"2018",333760
"2019",745000
"2020",650000
"2021",397000
"2022",275000
"2023",1326000
"2024",312500
"2025",511000
"2026",624800
"2027",1365000
"2028",280000
"2029",250000
"2030",580000
"2031",290000
"2032",219000
"2033",338000
"2034",245000
"2035",596500
"2036",245000
"2037",985000
"2038",408000
"2039",460000
"2040",389950
"2041",1400000
"2042",260000
"2043",276200
"2044",466000
"2045",383150
"2046",215000
"2047",268500
"2048",305000
"2049",270000
"2050",136500
"2051",254000
"2052",594950
"2053",310000
"2054",735000
"2055",426000
"2056",510000
"2057",415000
"2058",2700000
"2059",728725
"2060",451000
"2061",1025000
"2062",401500
"2063",196700
"2064",309900
"2065",462500
"2066",450000
"2067",925000
"2068",839990
"2069",247800
"2070",446000
"2071",5e+05
"2072",750000
"2073",590000
"2074",429000
"2075",581000
"2076",463800
"2077",2983000
"2078",443000
"2079",695000
"2080",601450
"2081",433000
"2082",406500
"2083",630000
"2084",695000
"2085",315000
"2086",640000
"2087",294950
"2088",690000
"2089",575000
"2090",455000
"2091",304950
"2092",402500
"2093",350000
"2094",4e+05
"2095",484000
"2096",617450
"2097",250000
"2098",325000
"2099",347500
"2100",410000
"2101",226500
"2102",1500000
"2103",420000
"2104",150000
"2105",205000
"2106",405000
"2107",392500
"2108",245000
"2109",327000
"2110",445000
"2111",248000
"2112",410000
"2113",309950
"2114",440000
"2115",759950
"2116",345000
"2117",198000
"2118",244615
"2119",5e+05
"2120",340000
"2121",560000
"2122",692500
"2123",338000
"2124",1150000
"2125",645000
"2126",4e+05
"2127",440000
"2128",425000
"2129",730000
"2130",3e+05
"2131",415000
"2132",452500
"2133",1010000
"2134",245000
"2135",575000
"2136",257700
"2137",3e+05
"2138",402500
"2139",452000
"2140",410000
"2141",595000
"2142",499000
"2143",545000
"2144",705000
"2145",375000
"2146",3e+05
"2147",428000
"2148",433495
"2149",443000
"2150",265000
"2151",1135000
"2152",2e+05
"2153",520000
"2154",555000
"2155",750000
"2156",710000
"2157",495000
"2158",411000
"2159",436000
"2160",729000
"2161",175000
"2162",442500
"2163",325000
"2164",532000
"2165",950000
"2166",360000
"2167",615000
"2168",292000
"2169",580000
"2170",594000
"2171",213950
"2172",291000
"2173",485000
"2174",405000
"2175",440000
"2176",299950
"2177",312620
"2178",372500
"2179",430000
"2180",538000
"2181",331500
"2182",650500
"2183",215000
"2184",582500
"2185",357000
"2186",235000
"2187",5e+05
"2188",472500
"2189",1013050
"2190",170000
"2191",875000
"2192",427000
"2193",742500
"2194",395000
"2195",1125000
"2196",425000
"2197",349000
"2198",326000
"2199",699000
"2200",3e+05
"2201",522000
"2202",330000
"2203",469000
"2204",410000
"2205",560000
"2206",903000
"2207",250000
"2208",580000
"2209",389900
"2210",265000
"2211",998800
"2212",350000
"2213",845000
"2214",314500
"2215",5e+05
"2216",420000
"2217",290000
"2218",814950
"2219",880000
"2220",272000
"2221",450000
"2222",435000
"2223",265000
"2224",375000
"2225",330000
"2226",685000
"2227",825000
"2228",399950
"2229",515000
"2230",770000
"2231",276000
"2232",355000
"2233",3e+05
"2234",310000
"2235",230000
"2236",240000
"2237",1400000
"2238",395000
"2239",1699000
"2240",260000
"2241",269950
"2242",221000
"2243",785000
"2244",199950
"2245",379900
"2246",785000
"2247",2100000
"2248",370000
"2249",857000
"2250",813000
"2251",203700
"2252",230000
"2253",345000
"2254",383000
"2255",729000
"2256",460000
"2257",825000
"2258",314950
"2259",874000
"2260",515000
"2261",343500
"2262",544300
"2263",370000
"2264",651500
"2265",565000
"2266",292500
"2267",1170000
"2268",355000
"2269",5e+05
"2270",480000
"2271",299880
"2272",550000
"2273",620000
"2274",325000
"2275",568000
"2276",394000
"2277",1017000
"2278",273000
"2279",590000
"2280",848000
"2281",514500
"2282",228900
"2283",350000
"2284",475000
"2285",497000
"2286",419000
"2287",5e+05
"2288",455000
"2289",966000
"2290",229050
"2291",650000
"2292",250000
"2293",676000
"2294",849000
"2295",429950
"2296",265000
"2297",560000
"2298",610000
"2299",252000
"2300",4e+05
"2301",804000
"2302",479000
"2303",4e+05
"2304",1750000
"2305",286500
"2306",1142000
"2307",255000
"2308",1185000
"2309",635200
"2310",575000
"2311",1200000
"2312",705000
"2313",625000
"2314",519000
"2315",305000
"2316",275000
"2317",613000
"2318",425000
"2319",472000
"2320",254000
"2321",178500
"2322",319900
"2323",350000
"2324",190000
"2325",434000
"2326",415885
"2327",530000
"2328",255000
"2329",695000
"2330",675000
"2331",332888
"2332",3e+05
"2333",1730000
"2334",1420000
"2335",840000
"2336",205000
"2337",1081000
"2338",245000
"2339",455000
"2340",523000
"2341",250000
"2342",478000
"2343",208417
"2344",465000
"2345",295000
"2346",7e+05
"2347",126000
"2348",850000
"2349",2200000
"2350",435000
"2351",350000
"2352",419000
"2353",168000
"2354",460000
"2355",370000
"2356",232000
"2357",350000
"2358",275000
"2359",527700
"2360",225000
"2361",199400
"2362",364900
"2363",315000
"2364",397000
"2365",399000
"2366",4e+05
"2367",249900
"2368",717000
"2369",319000
"2370",305495
"2371",240000
"2372",770000
"2373",870300
"2374",425000
"2375",7e+05
"2376",530000
"2377",1950000
"2378",332500
"2379",339950
"2380",215000
"2381",567000
"2382",636000
"2383",879900
"2384",429950
"2385",406250
"2386",447000
"2387",543000
"2388",1210000
"2389",455000
"2390",6e+05
"2391",1030000
"2392",6e+05
"2393",785000
"2394",2575000
"2395",201000
"2396",315000
"2397",249000
"2398",175000
"2399",289500
"2400",432500
"2401",536650
"2402",430000
"2403",257000
"2404",420000
"2405",312500
"2406",215000
"2407",270000
"2408",697000
"2409",396500
"2410",605000
"2411",805000
"2412",216300
"2413",210000
"2414",249500
"2415",630000
"2416",1110000
"2417",398000
"2418",267300
"2419",506000
"2420",555000
"2421",247000
"2422",375000
"2423",650000
"2424",667000
"2425",2e+05
"2426",710500
"2427",2135000
"2428",615000
"2429",540000
"2430",210000
"2431",525000
"2432",820000
"2433",350000
"2434",650000
"2435",6e+05
"2436",128750
"2437",485000
"2438",350000
"2439",450000
"2440",432500
"2441",823000
"2442",480000
"2443",815000
"2444",180000
"2445",156601
"2446",198000
"2447",583000
"2448",429000
"2449",535000
"2450",352500
"2451",215000
"2452",518000
"2453",1072500
"2454",260000
"2455",415000
"2456",190000
"2457",339900
"2458",353000
"2459",675000
"2460",4e+05
"2461",1e+06
"2462",275000
"2463",417000
"2464",1115000
"2465",1550000
"2466",549900
"2467",107000
"2468",232900
"2469",979500
"2470",385000
"2471",660000
"2472",258000
"2473",352000
"2474",680000
"2475",148000
"2476",317000
"2477",755000
"2478",185000
"2479",630000
"2480",164000
"2481",544000
"2482",540000
"2483",399950
"2484",850000
"2485",645000
"2486",222500
"2487",498000
"2488",770000
"2489",230500
"2490",377500
"2491",627250
"2492",162000
"2493",356000
"2494",432000
"2495",575000
"2496",550000
"2497",618080
"2498",213800
"2499",299000
"2500",215000
"2501",410000
"2502",648000
"2503",695000
"2504",350000
"2505",452000
"2506",1300000
"2507",225000
"2508",467000
"2509",209900
"2510",630000
"2511",265000
"2512",585000
"2513",475000
"2514",2535000
"2515",676000
"2516",1272500
"2517",379950
"2518",375000
"2519",627500
"2520",705000
"2521",260000
"2522",209950
"2523",420000
"2524",561500
"2525",1350000
"2526",545000
"2527",460000
"2528",425000
"2529",340000
"2530",642860
"2531",575000
"2532",335000
"2533",375000
"2534",425000
"2535",210000
"2536",518000
"2537",429000
"2538",475000
"2539",450000
"2540",529100
"2541",363500
"2542",170000
"2543",207000
"2544",5e+05
"2545",149500
"2546",726000
"2547",191000
"2548",787500
"2549",535000
"2550",291970
"2551",599950
"2552",1749000
"2553",727000
"2554",166000
"2555",229000
"2556",737000
"2557",860000
"2558",249000
"2559",370000
"2560",446000
"2561",280000
"2562",132500
"2563",3100000
"2564",255000
"2565",299000
"2566",840000
"2567",340000
"2568",312000
"2569",315000
"2570",770000
"2571",374950
"2572",330000
"2573",626000
"2574",310000
"2575",226000
"2576",1250000
"2577",782000
"2578",575000
"2579",317000
"2580",835000
"2581",275000
"2582",173000
"2583",890000
"2584",440000
"2585",550000
"2586",625000
"2587",248500
"2588",787500
"2589",3e+05
"2590",545000
"2591",490000
"2592",490000
"2593",330000
"2594",230000
"2595",550000
"2596",320000
"2597",445500
"2598",475000
"2599",590000
"2600",110000
"2601",496600
"2602",252000
"2603",735000
"2604",385000
"2605",712000
"2606",482500
"2607",666570
"2608",390000
"2609",438800
"2610",290000
"2611",381000
"2612",510000
"2613",346000
"2614",550000
"2615",339950
"2616",525000
"2617",520000
"2618",260000
"2619",1250000
"2620",456000
"2621",790000
"2622",1250000
"2623",425000
"2624",540000
"2625",670000
"2626",335000
"2627",6e+05
"2628",420000
"2629",835000
"2630",575000
"2631",551000
"2632",370000
"2633",825000
"2634",713500
"2635",699000
"2636",316000
"2637",410000
"2638",299000
"2639",602000
"2640",375000
"2641",1075000
"2642",641000
"2643",450000
"2644",1800000
"2645",964000
"2646",545000
"2647",605000
"2648",384200
"2649",717500
"2650",1999000
"2651",272000
"2652",6e+05
"2653",272450
"2654",605000
"2655",328000
"2656",451000
"2657",715000
"2658",1100000
"2659",681716
"2660",860000
"2661",690000
"2662",375000
"2663",810000
"2664",348000
"2665",455000
"2666",1822500
"2667",452000
"2668",2415000
"2669",829000
"2670",249000
"2671",1140000
"2672",720000
"2673",675000
"2674",415000
"2675",481000
"2676",720000
"2677",324900
"2678",320000
"2679",475999
"2680",257000
"2681",975000
"2682",470000
"2683",207000
"2684",220000
"2685",399500
"2686",5e+05
"2687",3168750
"2688",249900
"2689",896000
"2690",250000
"2691",528000
"2692",260000
"2693",423500
"2694",289950
"2695",399000
"2696",370000
"2697",654500
"2698",801501
"2699",210000
"2700",310000
"2701",339950
"2702",105500
"2703",975000
"2704",570000
"2705",3e+05
"2706",440000
"2707",240000
"2708",785000
"2709",655000
"2710",449950
"2711",369000
"2712",1031000
"2713",550000
"2714",235000
"2715",349950
"2716",280000
"2717",445000
"2718",362764
"2719",818500
"2720",580000
"2721",333000
"2722",360500
"2723",756100
"2724",180000
"2725",1160000
"2726",275000
"2727",1325000
"2728",325000
"2729",1015000
"2730",325000
"2731",4e+05
"2732",530000
"2733",230000
"2734",199950
"2735",350000
"2736",325000
"2737",289000
"2738",402000
"2739",695000
"2740",480000
"2741",775000
"2742",325000
"2743",549000
"2744",575000
"2745",670000
"2746",430000
"2747",950000
"2748",525000
"2749",345000
"2750",380000
"2751",875000
"2752",375000
"2753",225500
"2754",5e+05
"2755",665000
"2756",345000
"2757",374000
"2758",574000
"2759",539500
"2760",550000
"2761",335000
"2762",270000
"2763",589000
"2764",870000
"2765",750000
"2766",246000
"2767",419000
"2768",372000
"2769",695000
"2770",720000
"2771",625000
"2772",395000
"2773",915000
"2774",599950
"2775",481203
"2776",379000
"2777",535000
"2778",410000
"2779",2e+05
"2780",370000
"2781",160000
"2782",625000
"2783",539950
"2784",681000
"2785",506000
"2786",315000
"2787",257500
"2788",622000
"2789",257000
"2790",885000
"2791",661000
"2792",289000
"2793",599000
"2794",640000
"2795",493000
"2796",740000
"2797",275000
"2798",6e+05
"2799",405000
"2800",521900
"2801",229950
"2802",468000
"2803",275000
"2804",412950
"2805",420000
"2806",515000
"2807",385000
"2808",3e+05
"2809",810000
"2810",260000
"2811",557865
"2812",307300
"2813",225000
"2814",825000
"2815",645000
"2816",590000
"2817",307000
"2818",750000
"2819",568450
"2820",675000
"2821",385000
"2822",315000
"2823",639950
"2824",1005000
"2825",950000
"2826",245000
"2827",280000
"2828",355000
"2829",8e+05
"2830",1285000
"2831",525126
"2832",320000
"2833",474500
"2834",749500
"2835",1625000
"2836",580000
"2837",240000
"2838",235000
"2839",655000
"2840",185000
"2841",196000
"2842",572000
"2843",1225000
"2844",295000
"2845",347000
"2846",428000
"2847",385000
"2848",352000
"2849",660000
"2850",499950
"2851",540000
"2852",396500
"2853",515000
"2854",397000
"2855",460000
"2856",570000
"2857",167000
"2858",920000
"2859",405000
"2860",353500
"2861",579000
"2862",6e+05
"2863",314000
"2864",325000
"2865",1010000
"2866",475000
"2867",375000
"2868",8e+05
"2869",615000
"2870",335000
"2871",430000
"2872",270000
"2873",760000
"2874",510000
"2875",115000
"2876",5e+05
"2877",760000
"2878",697000
"2879",765000
"2880",430000
"2881",275000
"2882",610000
"2883",153500
"2884",290000
"2885",325000
"2886",402000
"2887",635000
"2888",925000
"2889",5e+05
"2890",640000
"2891",322000
"2892",887200
"2893",395000
"2894",255000
"2895",796000
"2896",95000
"2897",525000
"2898",417000
"2899",410000
"2900",1045000
"2901",657000
"2902",625000
"2903",925000
"2904",770000
"2905",564800
"2906",438000
"2907",855000
"2908",229000
"2909",334000
"2910",335000
"2911",592500
"2912",418900
"2913",760000
"2914",560000
"2915",620000
"2916",525000
"2917",630000
"2918",460000
"2919",860000
"2920",499000
"2921",390000
"2922",1475000
"2923",1295000
"2924",565500
"2925",230000
"2926",565000
"2927",405000
"2928",570000
"2929",1080000
"2930",352500
"2931",590000
"2932",1160000
"2933",244000
"2934",797000
"2935",308500
"2936",299000
"2937",270000
"2938",475000
"2939",490000
"2940",160000
"2941",537000
"2942",530000
"2943",450000
"2944",550000
"2945",343000
"2946",255000
"2947",190000
"2948",725000
"2949",210000
"2950",290000
"2951",1260000
"2952",622100
"2953",834800
"2954",397000
"2955",240000
"2956",375000
"2957",235000
"2958",174950
"2959",249950
"2960",750000
"2961",251000
"2962",3e+05
"2963",1042030
"2964",740000
"2965",393000
"2966",671000
"2967",245000
"2968",245000
"2969",335000
"2970",699900
"2971",839000
"2972",405000
"2973",295000
"2974",650000
"2975",385000
"2976",480000
"2977",368750
"2978",589000
"2979",267950
"2980",289000
"2981",360000
"2982",615000
"2983",340000
"2984",447000
"2985",470000
"2986",699000
"2987",2e+05
"2988",352000
"2989",475000
"2990",260000
"2991",690000
"2992",159000
"2993",1050000
"2994",759000
"2995",690000
"2996",939000
"2997",365000
"2998",396900
"2999",245000
"3000",423000
"3001",1034500
"3002",397950
"3003",525000
"3004",1600000
"3005",690000
"3006",449000
"3007",340000
"3008",725126
"3009",345000
"3010",285000
"3011",352500
"3012",1950000
"3013",975000
"3014",1755000
"3015",230000
"3016",374000
"3017",244000
"3018",528000
"3019",515000
"3020",350000
"3021",390000
"3022",1150000
"3023",603000
"3024",467500
"3025",450000
"3026",465000
"3027",439800
"3028",3065000
"3029",699000
"3030",360000
"3031",675000
"3032",229000
"3033",457000
"3034",518000
"3035",237000
"3036",339999
"3037",550000
"3038",479900
"3039",640500
"3040",492000
"3041",622500
"3042",190000
"3043",999000
"3044",470000
"3045",255000
"3046",550000
"3047",225000
"3048",345000
"3049",649500
"3050",276000
"3051",307000
"3052",835000
"3053",476000
"3054",120750
"3055",195000
"3056",650000
"3057",436000
"3058",880000
"3059",382500
"3060",270000
"3061",424900
"3062",246000
"3063",311000
"3064",175000
"3065",685000
"3066",466000
"3067",320000
"3068",1311000
"3069",546000
"3070",340000
"3071",257000
"3072",657000
"3073",254500
"3074",409950
"3075",365000
"3076",405000
"3077",568000
"3078",334000
"3079",215000
"3080",480000
"3081",422000
"3082",320000
"3083",665000
"3084",250000
"3085",423000
"3086",395000
"3087",537000
"3088",269500
"3089",890000
"3090",431000
"3091",519000
"3092",295000
"3093",575000
"3094",503000
"3095",325000
"3096",210000
"3097",375000
"3098",339950
"3099",175000
"3100",1089000
"3101",180000
"3102",310000
"3103",625000
"3104",790000
"3105",1681000
"3106",687000
"3107",558000
"3108",687500
"3109",275000
"3110",370000
"3111",797000
"3112",640000
"3113",605000
"3114",329950
"3115",388000
"3116",249950
"3117",390000
"3118",907500
"3119",2271150
"3120",235000
"3121",740000
"3122",259950
"3123",561000
"3124",455000
"3125",342500
"3126",420000
"3127",585000
"3128",1680000
"3129",345000
"3130",128000
"3131",371000
"3132",343000
"3133",889000
"3134",613000
"3135",619000
"3136",322000
"3137",276900
"3138",440000
"3139",751000
"3140",605000
"3141",595000
"3142",850000
"3143",234950
"3144",280500
"3145",7e+05
"3146",525000
"3147",750000
"3148",546000
"3149",517000
"3150",4e+05
"3151",455000
"3152",268300
"3153",426000
"3154",292000
"3155",474000
"3156",1160000
"3157",440000
"3158",411000
"3159",409000
"3160",495000
"3161",257500
"3162",251000
"3163",282500
"3164",449000
"3165",370000
"3166",3e+05
"3167",415000
"3168",325000
"3169",587000
"3170",860000
"3171",745000
"3172",655500
"3173",819000
"3174",478000
"3175",490000
"3176",630000
"3177",345000
"3178",475000
"3179",5e+05
"3180",436000
"3181",265000
"3182",465000
"3183",415000
"3184",215000
"3185",1190000
"3186",730000
"3187",1280000
"3188",532000
"3189",579000
"3190",541500
"3191",660000
"3192",485000
"3193",780000
"3194",367500
"3195",655000
"3196",5e+05
"3197",385000
"3198",1385000
"3199",325000
"3200",324450
"3201",2e+05
"3202",450000
"3203",1200000
"3204",550000
"3205",329990
"3206",780500
"3207",680000
"3208",465000
"3209",354000
"3210",437400
"3211",445000
"3212",517850
"3213",450500
"3214",314000
"3215",329950
"3216",960000
"3217",533000
"3218",590000
"3219",264500
"3220",81000
"3221",234000
"3222",865000
"3223",375000
"3224",190000
"3225",399950
"3226",614306
"3227",590000
"3228",261500
"3229",3e+05
"3230",439000
"3231",254000
"3232",8e+05
"3233",650000
"3234",646000
"3235",550000
"3236",4e+05
"3237",255000
"3238",660000
"3239",215000
"3240",212000
"3241",2328000
"3242",225000
"3243",1250000
"3244",380000
"3245",209950
"3246",295500
"3247",495000
"3248",620000
"3249",1600000
"3250",445000
"3251",336500
"3252",545000
"3253",420000
"3254",180000
"3255",255000
"3256",257000
"3257",869000
"3258",745000
"3259",540000
"3260",486000
"3261",1387000
"3262",650000
"3263",275000
"3264",1200000
"3265",230000
"3266",175000
"3267",189000
"3268",926250
"3269",361500
"3270",653000
"3271",424950
"3272",427000
"3273",830005
"3274",865000
"3275",399950
"3276",755000
"3277",8e+05
"3278",822600
"3279",202000
"3280",175000
"3281",405000
"3282",416000
"3283",815000
"3284",349950
"3285",735000
"3286",253000
"3287",627000
"3288",319950
"3289",1125000
"3290",542500
"3291",335000
"3292",225000
"3293",324900
"3294",585000
"3295",1980000
"3296",725000
"3297",460000
"3298",155000
"3299",1185000
"3300",320000
"3301",450000
"3302",223000
"3303",333500
"3304",345000
"3305",440000
"3306",680000
"3307",420000
"3308",1350000
"3309",885000
"3310",1298000
"3311",568500
"3312",252500
"3313",376000
"3314",710000
"3315",767250
"3316",665000
"3317",355500
"3318",369000
"3319",1200690
"3320",347950
"3321",851000
"3322",205000
"3323",632000
"3324",237000
"3325",496000
"3326",598800
"3327",540000
"3328",763000
"3329",239000
"3330",415000
"3331",569000
"3332",1355000
"3333",508500
"3334",643500
"3335",330000
"3336",449400
"3337",605000
"3338",545000
"3339",770000
"3340",585000
"3341",560000
"3342",550000
"3343",327000
"3344",350000
"3345",372000
"3346",386000
"3347",546000
"3348",210000
"3349",225000
"3350",150000
"3351",630000
"3352",299950
"3353",150000
"3354",280500
"3355",580000
"3356",194000
"3357",315000
"3358",465000
"3359",330000
"3360",760000
"3361",170000
"3362",379000
"3363",820000
"3364",449950
"3365",449950
"3366",202000
"3367",585000
"3368",1200000
"3369",649800
"3370",547500
"3371",264500
"3372",995000
"3373",986000
"3374",420000
"3375",560000
"3376",501000
"3377",734950
"3378",725000
"3379",1388000
"3380",440000
"3381",160000
"3382",736500
"3383",325000
"3384",475300
"3385",720000
"3386",288000
"3387",730000
"3388",325000
"3389",421000
"3390",440000
"3391",495000
"3392",2187730
"3393",636100
"3394",298000
"3395",230000
"3396",290000
"3397",420000
"3398",173250
"3399",414050
"3400",4e+05
"3401",537000
"3402",425000
"3403",179950
"3404",303000
"3405",165000
"3406",710000
"3407",420000
"3408",208000
"3409",326188
"3410",637500
"3411",6e+05
"3412",406000
"3413",390000
"3414",988000
"3415",1070000
"3416",305000
"3417",650000
"3418",435000
"3419",660000
"3420",272000
"3421",233000
"3422",540000
"3423",712000
"3424",425000
"3425",182500
"3426",280000
"3427",5e+05
"3428",325000
"3429",294999
"3430",535000
"3431",490000
"3432",355000
"3433",1185000
"3434",752000
"3435",1200000
"3436",4e+05
"3437",240000
"3438",526000
"3439",335000
"3440",110000
"3441",625000
"3442",1450000
"3443",410000
"3444",299900
"3445",1085000
"3446",3e+05
"3447",349900
"3448",1454000
"3449",1288000
"3450",552000
"3451",613500
"3452",450000
"3453",279000
"3454",350000
"3455",250000
"3456",220000
"3457",339000
"3458",640000
"3459",735000
"3460",379770
"3461",340000
"3462",6e+05
"3463",317000
"3464",390000
"3465",1070000
"3466",475000
"3467",485000
"3468",430000
"3469",270000
"3470",520000
"3471",725000
"3472",335000
"3473",435000
"3474",840000
"3475",180000
"3476",310000
"3477",335000
"3478",725000
"3479",440000
"3480",855000
"3481",436000
"3482",557000
"3483",425000
"3484",290000
"3485",219000
"3486",375000
"3487",257000
"3488",235000
"3489",715000
"3490",565000
"3491",463000
"3492",1870000
"3493",395000
"3494",304500
"3495",710000
"3496",597500
"3497",284000
"3498",6e+05
"3499",468000
"3500",386100
"3501",870000
"3502",380000
"3503",265000
"3504",1200000
"3505",445000
"3506",594000
"3507",870000
"3508",220000
"3509",368500
"3510",768000
"3511",415000
"3512",5e+05
"3513",337000
"3514",349950
"3515",265000
"3516",261590
"3517",316000
"3518",270000
"3519",325000
"3520",220000
"3521",401000
"3522",183000
"3523",407193
"3524",970000
"3525",451000
"3526",315000
"3527",450000
"3528",292500
"3529",329900
"3530",725000
"3531",280000
"3532",425000
"3533",418000
"3534",858450
"3535",239950
"3536",246000
"3537",820000
"3538",625000
"3539",465000
"3540",325000
"3541",345000
"3542",560000
"3543",605000
"3544",389900
"3545",710000
"3546",399500
"3547",225000
"3548",179950
"3549",217000
"3550",845000
"3551",475000
"3552",6e+05
"3553",355000
"3554",322000
"3555",809950
"3556",427000
"3557",535000
"3558",546000
"3559",9e+05
"3560",460000
"3561",399000
"3562",740000
"3563",799000
"3564",886000
"3565",850000
"3566",480000
"3567",330000
"3568",805000
"3569",638150
"3570",195000
"3571",283700
"3572",335000
"3573",285000
"3574",540000
"3575",440000
"3576",379000
"3577",440000
"3578",615000
"3579",975000
"3580",715000
"3581",206000
"3582",428000
"3583",637000
"3584",213000
"3585",390000
"3586",4e+05
"3587",450000
"3588",560000
"3589",2e+05
"3590",430000
"3591",410000
"3592",1990000
"3593",216000
"3594",212000
"3595",969950
"3596",1444000
"3597",305000
"3598",742000
"3599",735000
"3600",199000
"3601",4e+05
"3602",240000
"3603",540000
"3604",210000
"3605",612000
"3606",230000
"3607",343500
"3608",180500
"3609",310000
"3610",689000
"3611",1680000
"3612",176000
"3613",295000
"3614",865000
"3615",515500
"3616",744000
"3617",760000
"3618",627000
"3619",660000
"3620",660500
"3621",267000
"3622",417000
"3623",791000
"3624",240000
"3625",1100000
"3626",225000
"3627",1855000
"3628",452000
"3629",529999
"3630",587100
"3631",383000
"3632",464000
"3633",349500
"3634",270000
"3635",339900
"3636",330000
"3637",493000
"3638",968060
"3639",556000
"3640",397000
"3641",182500
"3642",276500
"3643",579950
"3644",658000
"3645",765000
"3646",372000
"3647",335000
"3648",403000
"3649",299950
"3650",260000
"3651",655000
"3652",235000
"3653",319000
"3654",1065000
"3655",2630000
"3656",274000
"3657",420000
"3658",1415000
"3659",618500
"3660",380000
"3661",358500
"3662",401000
"3663",2700000
"3664",245000
"3665",219200
"3666",285000
"3667",3e+05
"3668",539000
"3669",571500
"3670",358000
"3671",330000
"3672",473000
"3673",689800
"3674",206000
"3675",648360
"3676",695000
"3677",490000
"3678",770000
"3679",287000
"3680",720000
"3681",260000
"3682",651000
"3683",397380
"3684",315000
"3685",160000
"3686",688000
"3687",530000
"3688",202000
"3689",283450
"3690",815000
"3691",1315000
"3692",329950
"3693",460000
"3694",515000
"3695",377000
"3696",559950
"3697",352000
"3698",1050000
"3699",802000
"3700",179950
"3701",683000
"3702",439950
"3703",385000
"3704",1388000
"3705",665000
"3706",249000
"3707",526500
"3708",262000
"3709",746300
"3710",360000
"3711",1052000
"3712",625000
"3713",470000
"3714",330000
"3715",692500
"3716",280000
"3717",1160000
"3718",475000
"3719",750000
"3720",759000
"3721",462000
"3722",325000
"3723",512000
"3724",410000
"3725",489000
"3726",199950
"3727",255000
"3728",505000
"3729",607000
"3730",1027000
"3731",180000
"3732",568500
"3733",1085000
"3734",415000
"3735",239000
"3736",490000
"3737",1e+06
"3738",469950
"3739",230005
"3740",780000
"3741",612000
"3742",452000
"3743",555000
"3744",419000
"3745",390000
"3746",1675000
"3747",919950
"3748",202500
"3749",540000
"3750",380000
"3751",620000
"3752",405000
"3753",269500
"3754",520000
"3755",680000
"3756",1298890
"3757",675000
"3758",4e+05
"3759",680000
"3760",410000
"3761",316000
"3762",850000
"3763",385000
"3764",435000
"3765",180000
"3766",224000
"3767",396450
"3768",6e+05
"3769",465000
"3770",329000
"3771",320000
"3772",1150000
"3773",315000
"3774",1161000
"3775",955000
"3776",950000
"3777",425000
"3778",2e+05
"3779",140000
"3780",370000
"3781",550000
"3782",351000
"3783",449999
"3784",385000
"3785",475000
"3786",571500
"3787",550000
"3788",4e+05
"3789",482000
"3790",365000
"3791",725000
"3792",522500
"3793",402500
"3794",447000
"3795",191000
"3796",350000
"3797",665000
"3798",375000
"3799",359500
"3800",235000
"3801",424500
"3802",1028950
"3803",227000
"3804",567000
"3805",685000
"3806",512500
"3807",423800
"3808",230000
"3809",450000
"3810",350000
"3811",660000
"3812",1003000
"3813",727500
"3814",265000
"3815",640000
"3816",218250
"3817",338000
"3818",231750
"3819",279950
"3820",1150000
"3821",7e+05
"3822",2720000
"3823",435000
"3824",440000
"3825",178500
"3826",339950
"3827",959000
"3828",1800000
"3829",655000
"3830",781500
"3831",295000
"3832",675000
"3833",190000
"3834",650000
"3835",585000
"3836",1430800
"3837",565000
"3838",234000
"3839",272500
"3840",475000
"3841",342000
"3842",330000
"3843",850000
"3844",820000
"3845",812000
"3846",289000
"3847",535000
"3848",465000
"3849",570000
"3850",225000
"3851",805000
"3852",530000
"3853",330000
"3854",244000
"3855",539000
"3856",936000
"3857",369000
"3858",513000
"3859",470000
"3860",205000
"3861",215000
"3862",320000
"3863",349000
"3864",565000
"3865",289950
"3866",505000
"3867",872500
"3868",450000
"3869",539000
"3870",780000
"3871",480000
"3872",1500000
"3873",216500
"3874",277500
"3875",850000
"3876",185000
"3877",440000
"3878",299500
"3879",545000
"3880",565000
"3881",968000
"3882",315500
"3883",525000
"3884",499000
"3885",1280000
"3886",875000
"3887",590000
"3888",588000
"3889",419000
"3890",255000
"3891",1360000
"3892",580000
"3893",640000
"3894",619790
"3895",650000
"3896",4e+05
"3897",235000
"3898",279900
"3899",370000
"3900",450000
"3901",1059500
"3902",580000
"3903",329900
"3904",529500
"3905",363990
"3906",419950
"3907",348000
"3908",1264000
"3909",155000
"3910",274000
"3911",429000
"3912",369950
"3913",440000
"3914",370000
"3915",405000
"3916",275000
"3917",425000
"3918",359000
"3919",785000
"3920",390000
"3921",479950
"3922",325000
"3923",250000
"3924",290750
"3925",715000
"3926",522500
"3927",673000
"3928",384435
"3929",1375000
"3930",250000
"3931",889950
"3932",809000
"3933",282000
"3934",2250000
"3935",292000
"3936",245000
"3937",540000
"3938",399000
"3939",450000
"3940",230000
"3941",655000
"3942",385000
"3943",509900
"3944",536000
"3945",715000
"3946",455000
"3947",449950
"3948",1532500
"3949",962000
"3950",2320000
"3951",530000
"3952",1255780
"3953",484950
"3954",519000
"3955",535000
"3956",625250
"3957",589500
"3958",437000
"3959",425000
"3960",1330000
"3961",389950
"3962",432500
"3963",615000
"3964",598950
"3965",430000
"3966",804995
"3967",398000
"3968",315000
"3969",820000
"3970",740000
"3971",829995
"3972",859990
"3973",572800
"3974",320000
"3975",850000
"3976",430236
"3977",1266520
"3978",459000
"3979",1465000
"3980",897000
"3981",685000
"3982",295000
"3983",380000
"3984",475000
"3985",718000
"3986",341000
"3987",290000
"3988",445000
"3989",739000
"3990",240000
"3991",555000
"3992",450000
"3993",580000
"3994",245000
"3995",417000
"3996",539000
"3997",434900
"3998",571000
"3999",635000
"4000",1238000
"4001",1030000
"4002",388000
"4003",417838
"4004",594491
"4005",859000
"4006",310000
"4007",320000
"4008",375000
"4009",290000
"4010",439990
"4011",554950
"4012",785000
"4013",309000
"4014",459000
"4015",248000
"4016",535000
"4017",334500
"4018",370228
"4019",383000
"4020",1750000
"4021",550000
"4022",525000
"4023",610000
"4024",645000
"4025",730000
"4026",614000
"4027",380000
"4028",450000
"4029",204000
"4030",895900
"4031",735000
"4032",749000
"4033",771005
"4034",278000
"4035",475000
"4036",550000
"4037",1206690
"4038",380000
"4039",365250
"4040",425000
"4041",302860
"4042",298000
"4043",950000
"4044",520000
"4045",849990
"4046",425000
"4047",405000
"4048",356250
"4049",400200
"4050",235000
"4051",879950
"4052",570000
"4053",399950
"4054",494815
"4055",6e+05
"4056",734000
"4057",459950
"4058",306500
"4059",437000
"4060",267000
"4061",557000
"4062",1285000
"4063",1015000
"4064",998000
"4065",1138990
"4066",491000
"4067",290500
"4068",385000
"4069",294000
"4070",482500
"4071",319000
"4072",489950
"4073",650000
"4074",9e+05
"4075",5e+05
"4076",760000
"4077",280000
"4078",560000
"4079",384000
"4080",499000
"4081",572000
"4082",505000
"4083",265000
"4084",430000
"4085",455000
"4086",460000
"4087",298450
"4088",344000
"4089",379500
"4090",350000
"4091",620000
"4092",635000
"4093",345000
"4094",7e+05
"4095",467000
"4096",1180000
"4097",333000
"4098",392000
"4099",376000
"4100",469995
"4101",445000
"4102",3e+05
"4103",955000
"4104",779380
"4105",635000
"4106",389500
"4107",399950
"4108",451300
"4109",852880
"4110",305000
"4111",261000
"4112",384950
"4113",715000
"4114",625000
"4115",674000
"4116",795000
"4117",485000
"4118",275000
"4119",575000
"4120",317500
"4121",545000
"4122",396000
"4123",530000
"4124",445000
"4125",480000
"4126",750000
"4127",425000
"4128",513000
"4129",441000
"4130",395000
"4131",358000
"4132",260000
"4133",739000
"4134",890000
"4135",380000
"4136",240000
"4137",469950
"4138",504058
"4139",749950
"4140",450000
"4141",383000
"4142",580000
"4143",780000
"4144",1485000
"4145",369946
"4146",530000
"4147",735000
"4148",1750000
"4149",402395
"4150",1275000
"4151",616950
"4152",925000
"4153",475000
"4154",399500
"4155",555000
"4156",639983
"4157",565000
"4158",457000
"4159",355000
"4160",1095000
"4161",850000
"4162",808000
"4163",320000
"4164",375000
"4165",420000
"4166",329950
"4167",1149000
"4168",490000
"4169",609000
"4170",925000
"4171",730000
"4172",650000
"4173",379950
"4174",389700
"4175",705000
"4176",268000
"4177",305450
"4178",399900
"4179",495000
"4180",3e+05
"4181",910000
"4182",414000
"4183",1270000
"4184",485000
"4185",589410
"4186",550000
"4187",420000
"4188",395000
"4189",260000
"4190",810000
"4191",5e+05
"4192",730000
"4193",459000
"4194",2900000
"4195",302059
"4196",575000
"4197",471275
"4198",699188
"4199",390000
"4200",400950
"4201",389517
"4202",1080000
"4203",637850
"4204",636230
"4205",294570
"4206",359950
"4207",255500
"4208",447000
"4209",712198
"4210",598992
"4211",1274950
"4212",520000
"4213",542300
"4214",515000
"4215",365000
"4216",718500
"4217",525000
"4218",370000
"4219",310000
"4220",864327
"4221",459990
"4222",630500
"4223",880000
"4224",775000
"4225",272167
"4226",675900
"4227",450800
"4228",385000
"4229",465000
"4230",879950
"4231",374000
"4232",412500
"4233",469950
"4234",299000
"4235",525000
"4236",485000
"4237",272000
"4238",471835
"4239",440000
"4240",365000
"4241",590000
"4242",492500
"4243",325000
"4244",799950
"4245",580000
"4246",490000
"4247",641000
"4248",625000
"4249",305000
"4250",435000
"4251",680000
"4252",535365
"4253",565000
"4254",928990
"4255",345000
"4256",295000
"4257",405000
"4258",370000
"4259",417250
"4260",542525
"4261",1765000
"4262",3e+05
"4263",350000
"4264",317750
"4265",325000
"4266",353000
"4267",460000
"4268",695000
"4269",557500
"4270",386950
"4271",1050000
"4272",288000
"4273",8e+05
"4274",255000
"4275",425000
"4276",375000
"4277",380000
"4278",1050000
"4279",402000
"4280",330000
"4281",579000
"4282",484000
"4283",443000
"4284",735000
"4285",420000
"4286",1865000
"4287",1450000
"4288",290000
"4289",535000
"4290",670000
"4291",346000
"4292",324000
"4293",459000
"4294",405000
"4295",249000
"4296",1375000
"4297",330000
"4298",399950
"4299",505000
"4300",385000
"4301",1222500
"4302",541800
"4303",224000
"4304",507250
"4305",4e+05
